{
  "synthetic_50k": [
    {
      "h5ad_total_time": 773.0331420898438,
      "h5ad_load_time": 766.0191059112549,
      "h5ad_query_time": 7.014036178588867,
      "slaf_total_time": 93.90521049499512,
      "slaf_init_time": 9.66024398803711,
      "slaf_query_time": 84.24496650695801,
      "total_speedup": 8.232058029741005,
      "query_speedup": 0.08325762914285877,
      "load_speedup": 79.29604126561034,
      "h5ad_count": 49955,
      "slaf_count": 49955,
      "results_match": true,
      "h5ad_load_memory_mb": 724.5638475418091,
      "h5ad_query_memory_mb": 5.382403373718262,
      "h5ad_total_memory_mb": 729.9462509155273,
      "slaf_load_memory_mb": 4.57763671875e-05,
      "slaf_query_memory_mb": 12.519159317016602,
      "slaf_total_memory_mb": 12.519205093383789
    },
    {
      "h5ad_total_time": 267.85826683044434,
      "h5ad_load_time": 258.00609588623047,
      "h5ad_query_time": 9.852170944213867,
      "slaf_total_time": 23.281097412109375,
      "slaf_init_time": 1.0712146759033203,
      "slaf_query_time": 22.209882736206055,
      "total_speedup": 11.505396935933147,
      "query_speedup": 0.44359400998336107,
      "load_speedup": 240.85377253505453,
      "h5ad_count": 49034,
      "slaf_count": 49034,
      "results_match": true,
      "h5ad_load_memory_mb": 724.5638475418091,
      "h5ad_query_memory_mb": 4.2939348220825195,
      "h5ad_total_memory_mb": 728.8577823638916,
      "slaf_load_memory_mb": 4.57763671875e-05,
      "slaf_query_memory_mb": 12.288434982299805,
      "slaf_total_memory_mb": 12.288480758666992
    },
    {
      "h5ad_total_time": 184.06367301940918,
      "h5ad_load_time": 176.47480964660645,
      "h5ad_query_time": 7.588863372802734,
      "slaf_total_time": 20.447969436645508,
      "slaf_init_time": 1.405954360961914,
      "slaf_query_time": 19.042015075683594,
      "total_speedup": 9.001562408908063,
      "query_speedup": 0.3985325787549457,
      "load_speedup": 125.51958623028659,
      "h5ad_count": 42793,
      "slaf_count": 42793,
      "results_match": true,
      "h5ad_load_memory_mb": 724.5638475418091,
      "h5ad_query_memory_mb": 3.7476511001586914,
      "h5ad_total_memory_mb": 728.3114986419678,
      "slaf_load_memory_mb": 4.57763671875e-05,
      "slaf_query_memory_mb": 10.724237442016602,
      "slaf_total_memory_mb": 10.724283218383789
    },
    {
      "h5ad_total_time": 189.48006629943848,
      "h5ad_load_time": 180.8931827545166,
      "h5ad_query_time": 8.586883544921875,
      "slaf_total_time": 15.474081039428711,
      "slaf_init_time": 1.2121200561523438,
      "slaf_query_time": 14.261960983276367,
      "total_speedup": 12.244996379212054,
      "query_speedup": 0.6020829502332035,
      "load_speedup": 149.23701809598742,
      "h5ad_count": 7535,
      "slaf_count": 7535,
      "results_match": true,
      "h5ad_load_memory_mb": 724.5638475418091,
      "h5ad_query_memory_mb": 0.6617021560668945,
      "h5ad_total_memory_mb": 725.225549697876,
      "slaf_load_memory_mb": 4.57763671875e-05,
      "slaf_query_memory_mb": 1.8849897384643555,
      "slaf_total_memory_mb": 1.885035514831543
    },
    {
      "h5ad_total_time": 179.80217933654785,
      "h5ad_load_time": 173.0203628540039,
      "h5ad_query_time": 6.781816482543945,
      "slaf_total_time": 8.445024490356445,
      "slaf_init_time": 1.4851093292236328,
      "slaf_query_time": 6.9599151611328125,
      "total_speedup": 21.29090087801022,
      "query_speedup": 0.9744107974787614,
      "load_speedup": 116.50345159736716,
      "h5ad_count": 2517,
      "slaf_count": 2517,
      "results_match": true,
      "h5ad_load_memory_mb": 724.5638475418091,
      "h5ad_query_memory_mb": 0.22249603271484375,
      "h5ad_total_memory_mb": 724.7863435745239,
      "slaf_load_memory_mb": 4.57763671875e-05,
      "slaf_query_memory_mb": 0.6297569274902344,
      "slaf_total_memory_mb": 0.6298027038574219
    },
    {
      "h5ad_total_time": 177.98113822937012,
      "h5ad_load_time": 170.81713676452637,
      "h5ad_query_time": 7.16400146484375,
      "slaf_total_time": 14.985322952270508,
      "slaf_init_time": 1.4271736145019531,
      "slaf_query_time": 13.558149337768555,
      "total_speedup": 11.877030531557761,
      "query_speedup": 0.528390806618953,
      "load_speedup": 119.68910791847645,
      "h5ad_count": 29952,
      "slaf_count": 29952,
      "results_match": true,
      "h5ad_load_memory_mb": 724.5638475418091,
      "h5ad_query_memory_mb": 2.6238059997558594,
      "h5ad_total_memory_mb": 727.1876535415649,
      "slaf_load_memory_mb": 4.57763671875e-05,
      "slaf_query_memory_mb": 7.505616188049316,
      "slaf_total_memory_mb": 7.505661964416504
    },
    {
      "h5ad_total_time": 180.8159351348877,
      "h5ad_load_time": 172.94597625732422,
      "h5ad_query_time": 7.869958877563477,
      "slaf_total_time": 10.107040405273438,
      "slaf_init_time": 1.3821125030517578,
      "slaf_query_time": 8.72492790222168,
      "total_speedup": 17.890097188148708,
      "query_speedup": 0.9020084711026096,
      "load_speedup": 125.13161980334655,
      "h5ad_count": 3057,
      "slaf_count": 3057,
      "results_match": true,
      "h5ad_load_memory_mb": 724.5638475418091,
      "h5ad_query_memory_mb": 0.2697572708129883,
      "h5ad_total_memory_mb": 724.8336048126221,
      "slaf_load_memory_mb": 4.57763671875e-05,
      "slaf_query_memory_mb": 0.7648096084594727,
      "slaf_total_memory_mb": 0.7648553848266602
    },
    {
      "h5ad_total_time": 178.49969863891602,
      "h5ad_load_time": 170.78399658203125,
      "h5ad_query_time": 7.715702056884766,
      "slaf_total_time": 17.094850540161133,
      "slaf_init_time": 1.4159679412841797,
      "slaf_query_time": 15.678882598876953,
      "total_speedup": 10.441723267457915,
      "query_speedup": 0.4921079042608193,
      "load_speedup": 120.61289779424145,
      "h5ad_count": 42793,
      "slaf_count": 42793,
      "results_match": true,
      "h5ad_load_memory_mb": 724.5638475418091,
      "h5ad_query_memory_mb": 3.7476511001586914,
      "h5ad_total_memory_mb": 728.3114986419678,
      "slaf_load_memory_mb": 4.57763671875e-05,
      "slaf_query_memory_mb": 10.724237442016602,
      "slaf_total_memory_mb": 10.724283218383789
    },
    {
      "h5ad_total_time": 192.33965873718262,
      "h5ad_load_time": 185.41264533996582,
      "h5ad_query_time": 6.927013397216797,
      "slaf_total_time": 10.941028594970703,
      "slaf_init_time": 1.3270378112792969,
      "slaf_query_time": 9.613990783691406,
      "total_speedup": 17.57966877315319,
      "query_speedup": 0.7205138379129055,
      "load_speedup": 139.7191879266978,
      "h5ad_count": 13272,
      "slaf_count": 13272,
      "results_match": true,
      "h5ad_load_memory_mb": 724.5638475418091,
      "h5ad_query_memory_mb": 1.1638917922973633,
      "h5ad_total_memory_mb": 725.7277393341064,
      "slaf_load_memory_mb": 4.57763671875e-05,
      "slaf_query_memory_mb": 3.3259525299072266,
      "slaf_total_memory_mb": 3.325998306274414
    },
    {
      "h5ad_total_time": 182.25479125976562,
      "h5ad_load_time": 175.83894729614258,
      "h5ad_query_time": 6.415843963623047,
      "slaf_total_time": 18.790006637573242,
      "slaf_init_time": 1.2960433959960938,
      "slaf_query_time": 17.49396324157715,
      "total_speedup": 9.699559706132392,
      "query_speedup": 0.36674616695059625,
      "load_speedup": 135.6736571008094,
      "h5ad_count": 49955,
      "slaf_count": 49955,
      "results_match": true,
      "h5ad_load_memory_mb": 724.5638475418091,
      "h5ad_query_memory_mb": 5.382403373718262,
      "h5ad_total_memory_mb": 729.9462509155273,
      "slaf_load_memory_mb": 4.57763671875e-05,
      "slaf_query_memory_mb": 12.519159317016602,
      "slaf_total_memory_mb": 12.519205093383789
    }
  ]
}
