{
  "pbmc3k_processed": {
    "scanpy_preprocessing": [
      {
        "scenario_type": "scanpy_preprocessing",
        "scenario_description": "Calculate QC metrics",
        "h5ad_total_time": 233.95204544067383,
        "h5ad_load_time": 46.85521125793457,
        "h5ad_query_time": 187.09683418273926,
        "slaf_total_time": 70.49322128295898,
        "slaf_init_time": 15.2130126953125,
        "slaf_query_time": 55.280208587646484,
        "total_speedup": 3.318787837792133,
        "query_speedup": 3.3845175147285884,
        "load_speedup": 3.079942953861585,
        "h5ad_result_size": [
          2695,
          1863
        ],
        "slaf_result_size": 2,
        "results_match": false,
        "h5ad_load_memory_mb": 3.8575258255004883,
        "h5ad_query_memory_mb": 3.991948127746582,
        "h5ad_total_memory_mb": 7.84947395324707,
        "slaf_load_memory_mb": 9.1552734375e-05,
        "slaf_query_memory_mb": 5.340576171875e-05,
        "slaf_total_memory_mb": 0.00014495849609375
      },
      {
        "scenario_type": "scanpy_preprocessing",
        "scenario_description": "Filter cells (min_counts=500, min_genes=200)",
        "h5ad_total_time": 45.82691192626953,
        "h5ad_load_time": 37.338972091674805,
        "h5ad_query_time": 8.487939834594727,
        "slaf_total_time": 36.42559051513672,
        "slaf_init_time": 12.840032577514648,
        "slaf_query_time": 23.58555793762207,
        "total_speedup": 1.2580966095038617,
        "query_speedup": 0.3598786959818044,
        "load_speedup": 2.9080122551295142,
        "h5ad_result_size": [
          2,
          1863
        ],
        "slaf_result_size": [
          2695,
          1863
        ],
        "results_match": false,
        "h5ad_load_memory_mb": 3.8575258255004883,
        "h5ad_query_memory_mb": 0.3847084045410156,
        "h5ad_total_memory_mb": 4.242234230041504,
        "slaf_load_memory_mb": 9.1552734375e-05,
        "slaf_query_memory_mb": 4.57763671875e-05,
        "slaf_total_memory_mb": 0.0001373291015625
      },
      {
        "scenario_type": "scanpy_preprocessing",
        "scenario_description": "Filter cells (min_counts=1000, min_genes=500)",
        "h5ad_total_time": 40.37594795227051,
        "h5ad_load_time": 35.11214256286621,
        "h5ad_query_time": 5.263805389404297,
        "slaf_total_time": 31.838178634643555,
        "slaf_init_time": 14.01209831237793,
        "slaf_query_time": 17.826080322265625,
        "total_speedup": 1.2681613611005025,
        "query_speedup": 0.29528675369141877,
        "load_speedup": 2.5058447193343656,
        "h5ad_result_size": [
          0,
          1863
        ],
        "slaf_result_size": null,
        "results_match": false,
        "h5ad_load_memory_mb": 3.8575258255004883,
        "h5ad_query_memory_mb": 0.37743186950683594,
        "h5ad_total_memory_mb": 4.234957695007324,
        "slaf_load_memory_mb": 9.1552734375e-05,
        "slaf_query_memory_mb": 0.0,
        "slaf_total_memory_mb": 9.1552734375e-05
      },
      {
        "scenario_type": "scanpy_preprocessing",
        "scenario_description": "Filter cells (max_counts=5000, max_genes=2500)",
        "h5ad_total_time": 66.65611267089844,
        "h5ad_load_time": 37.5370979309082,
        "h5ad_query_time": 29.119014739990234,
        "slaf_total_time": 38.220882415771484,
        "slaf_init_time": 13.408899307250977,
        "slaf_query_time": 24.811983108520508,
        "total_speedup": 1.7439710560788473,
        "query_speedup": 1.1735867549414332,
        "load_speedup": 2.7994167955761813,
        "h5ad_result_size": [
          2695,
          1863
        ],
        "slaf_result_size": [
          2695,
          1863
        ],
        "results_match": true,
        "h5ad_load_memory_mb": 3.8575258255004883,
        "h5ad_query_memory_mb": 3.8675546646118164,
        "h5ad_total_memory_mb": 7.725080490112305,
        "slaf_load_memory_mb": 9.1552734375e-05,
        "slaf_query_memory_mb": 4.57763671875e-05,
        "slaf_total_memory_mb": 0.0001373291015625
      },
      {
        "scenario_type": "scanpy_preprocessing",
        "scenario_description": "Filter genes (min_counts=10, min_cells=5)",
        "h5ad_total_time": 59.162139892578125,
        "h5ad_load_time": 42.272090911865234,
        "h5ad_query_time": 16.89004898071289,
        "slaf_total_time": 50.0338077545166,
        "slaf_init_time": 18.16391944885254,
        "slaf_query_time": 31.869888305664062,
        "total_speedup": 1.1824432828068636,
        "query_speedup": 0.52996887904722,
        "load_speedup": 2.3272560215265474,
        "h5ad_result_size": [
          2695,
          1842
        ],
        "slaf_result_size": [
          2695,
          1863
        ],
        "results_match": false,
        "h5ad_load_memory_mb": 3.8575258255004883,
        "h5ad_query_memory_mb": 3.860116958618164,
        "h5ad_total_memory_mb": 7.717642784118652,
        "slaf_load_memory_mb": 9.1552734375e-05,
        "slaf_query_memory_mb": 4.57763671875e-05,
        "slaf_total_memory_mb": 0.0001373291015625
      },
      {
        "scenario_type": "scanpy_preprocessing",
        "scenario_description": "Filter genes (min_counts=50, min_cells=10)",
        "h5ad_total_time": 50.09603500366211,
        "h5ad_load_time": 36.76009178161621,
        "h5ad_query_time": 13.335943222045898,
        "slaf_total_time": 32.9279899597168,
        "slaf_init_time": 13.396024703979492,
        "slaf_query_time": 19.531965255737305,
        "total_speedup": 1.5213815074940265,
        "query_speedup": 0.6827752889908817,
        "load_speedup": 2.7441045081602504,
        "h5ad_result_size": [
          2695,
          1504
        ],
        "slaf_result_size": [
          2695,
          1863
        ],
        "results_match": false,
        "h5ad_load_memory_mb": 3.8575258255004883,
        "h5ad_query_memory_mb": 3.735690116882324,
        "h5ad_total_memory_mb": 7.5932159423828125,
        "slaf_load_memory_mb": 9.1552734375e-05,
        "slaf_query_memory_mb": 4.57763671875e-05,
        "slaf_total_memory_mb": 0.0001373291015625
      },
      {
        "scenario_type": "scanpy_preprocessing",
        "scenario_description": "Normalize total (target_sum=1e4)",
        "h5ad_total_time": 45.1204776763916,
        "h5ad_load_time": 36.48829460144043,
        "h5ad_query_time": 8.632183074951172,
        "slaf_total_time": 103.09505462646484,
        "slaf_init_time": 12.588024139404297,
        "slaf_query_time": 90.50703048706055,
        "total_speedup": 0.4376589918873667,
        "query_speedup": 0.09537582913169694,
        "load_speedup": 2.8986514640706087,
        "h5ad_result_size": [
          2695,
          1863
        ],
        "slaf_result_size": [
          2695,
          1863
        ],
        "results_match": true,
        "h5ad_load_memory_mb": 3.8575258255004883,
        "h5ad_query_memory_mb": 3.857541084289551,
        "h5ad_total_memory_mb": 7.715066909790039,
        "slaf_load_memory_mb": 9.1552734375e-05,
        "slaf_query_memory_mb": 4.57763671875e-05,
        "slaf_total_memory_mb": 0.0001373291015625
      },
      {
        "scenario_type": "scanpy_preprocessing",
        "scenario_description": "Normalize total (target_sum=1e6)",
        "h5ad_total_time": 35.80904006958008,
        "h5ad_load_time": 34.995079040527344,
        "h5ad_query_time": 0.8139610290527344,
        "slaf_total_time": 102.38814353942871,
        "slaf_init_time": 13.019323348999023,
        "slaf_query_time": 89.36882019042969,
        "total_speedup": 0.34973815162290106,
        "query_speedup": 0.009107886031373386,
        "load_speedup": 2.687933781383339,
        "h5ad_result_size": [
          2695,
          1863
        ],
        "slaf_result_size": [
          2695,
          1863
        ],
        "results_match": true,
        "h5ad_load_memory_mb": 3.8575258255004883,
        "h5ad_query_memory_mb": 3.857541084289551,